﻿GID_0,COUNTRY,real_FID
ABW,Aruba,0
AFG,Afghanistan,1
AGO,Angola,2
AIA,Anguilla,3
ALA,Åland,4
ALB,Albania,5
AND,Andorra,6
ARE,United Arab Emirates,7
ARG,Argentina,8
ARM,Armenia,9
ASM,American Samoa,10
ATA,Antarctica,11
ATF,French Southern Territories,12
ATG,Antigua and Barbuda,13
AUS,Australia,14
AUT,Austria,15
AZE,Azerbaijan,16
BDI,Burundi,17
BEL,Belgium,18
BEN,Benin,19
BES,"Bonaire, Sint Eustatius and Saba",20
BFA,Burkina Faso,21
BGD,Bangladesh,22
BGR,Bulgaria,23
BHR,Bahrain,24
BHS,Bahamas,25
BIH,Bosnia and Herzegovina,26
BLM,Saint-Barthélemy,27
BLR,Belarus,28
BLZ,Belize,29
BMU,Bermuda,30
BOL,Bolivia,31
BRA,Brazil,32
BRB,Barbados,33
BRN,Brunei,34
BTN,Bhutan,35
BVT,Bouvet Island,36
BWA,Botswana,37
CAF,Central African Republic,38
CAN,Canada,39
CCK,Cocos Islands,40
CHE,Switzerland,41
CHL,Chile,42
CHN,China,43
Z02,China,44
Z03,China,45
Z08,China,46
CIV,Côte d'Ivoire,47
CMR,Cameroon,48
COD,Democratic Republic of the Congo,49
COG,Republic of the Congo,50
COK,Cook Islands,51
COL,Colombia,52
COM,Comoros,53
CPV,Cabo Verde,54
CRI,Costa Rica,55
CUB,Cuba,56
CUW,Curaçao,57
CXR,Christmas Island,58
CYM,Cayman Islands,59
CYP,Cyprus,60
CZE,Czechia,61
DEU,Germany,62
DJI,Djibouti,63
DMA,Dominica,64
DNK,Denmark,65
DOM,Dominican Republic,66
DZA,Algeria,67
ECU,Ecuador,68
EGY,Egypt,69
ERI,Eritrea,70
ESH,Western Sahara,71
ESP,Spain,72
EST,Estonia,73
ETH,Ethiopia,74
FIN,Finland,75
FJI,Fiji,76
FLK,Falkland Islands,77
FRA,France,78
FRO,Faroe Islands,79
FSM,Micronesia,80
GAB,Gabon,81
GBR,United Kingdom,82
GEO,Georgia,83
GGY,Guernsey,84
GHA,Ghana,85
GIB,Gibraltar,86
GIN,Guinea,87
GLP,Guadeloupe,88
GMB,Gambia,89
GNB,Guinea-Bissau,90
GNQ,Equatorial Guinea,91
GRC,Greece,92
GRD,Grenada,93
GRL,Greenland,94
GTM,Guatemala,95
GUF,French Guiana,96
GUM,Guam,97
GUY,Guyana,98
HMD,Heard Island and McDonald Island,99
HND,Honduras,100
HRV,Croatia,101
HTI,Haiti,102
HUN,Hungary,103
IDN,Indonesia,104
IMN,Isle of Man,105
IND,India,106
Z01,India,107
Z04,India,108
Z05,India,109
Z07,India,110
Z09,India,111
IOT,British Indian Ocean Territory,112
IRL,Ireland,113
IRN,Iran,114
IRQ,Iraq,115
ISL,Iceland,116
ISR,Israel,117
ITA,Italy,118
JAM,Jamaica,119
JEY,Jersey,120
JOR,Jordan,121
JPN,Japan,122
KAZ,Kazakhstan,123
KEN,Kenya,124
KGZ,Kyrgyzstan,125
KHM,Cambodia,126
KIR,Kiribati,127
KNA,Saint Kitts and Nevis,128
KOR,South Korea,129
KWT,Kuwait,130
LAO,Laos,131
LBN,Lebanon,132
LBR,Liberia,133
LBY,Libya,134
LCA,Saint Lucia,135
LIE,Liechtenstein,136
LKA,Sri Lanka,137
LSO,Lesotho,138
LTU,Lithuania,139
LUX,Luxembourg,140
LVA,Latvia,141
MAF,Saint-Martin,142
MAR,Morocco,143
MCO,Monaco,144
MDA,Moldova,145
MDG,Madagascar,146
MDV,Maldives,147
MEX,México,148
MHL,Marshall Islands,149
MKD,North Macedonia,150
MLI,Mali,151
MLT,Malta,152
MMR,Myanmar,153
MNE,Montenegro,154
MNG,Mongolia,155
MNP,Northern Mariana Islands,156
MOZ,Mozambique,157
MRT,Mauritania,158
MSR,Montserrat,159
MTQ,Martinique,160
MUS,Mauritius,161
MWI,Malawi,162
MYS,Malaysia,163
MYT,Mayotte,164
NAM,Namibia,165
NCL,New Caledonia,166
NER,Niger,167
NFK,Norfolk Island,168
NGA,Nigeria,169
NIC,Nicaragua,170
NIU,Niue,171
NLD,Netherlands,172
NOR,Norway,173
NPL,Nepal,174
NRU,Nauru,175
NZL,New Zealand,176
OMN,Oman,177
PAK,Pakistan,178
Z06,Pakistan,179
PAN,Panama,180
PCN,Pitcairn Islands,181
PER,Peru,182
PHL,Philippines,183
PLW,Palau,184
PNG,Papua New Guinea,185
POL,Poland,186
PRI,Puerto Rico,187
PRK,North Korea,188
PRT,Portugal,189
PRY,Paraguay,190
PSE,Palestine,191
PYF,French Polynesia,192
QAT,Qatar,193
REU,Réunion,194
ROU,Romania,195
RUS,Russia,196
RWA,Rwanda,197
SAU,Saudi Arabia,198
SDN,Sudan,199
SEN,Senegal,200
SGP,Singapore,201
SGS,South Georgia and the South Sand,202
SHN,"Saint Helena, Ascension and Tris",203
SJM,Svalbard and Jan Mayen,204
SLB,Solomon Islands,205
SLE,Sierra Leone,206
SLV,El Salvador,207
SMR,San Marino,208
SOM,Somalia,209
SPM,Saint Pierre and Miquelon,210
SRB,Serbia,211
SSD,South Sudan,212
STP,São Tomé and Príncipe,213
SUR,Suriname,214
SVK,Slovakia,215
SVN,Slovenia,216
SWE,Sweden,217
SWZ,Swaziland,218
SXM,Sint Maarten,219
SYC,Seychelles,220
SYR,Syria,221
TCA,Turks and Caicos Islands,222
TCD,Chad,223
TGO,Togo,224
THA,Thailand,225
TJK,Tajikistan,226
TKL,Tokelau,227
TKM,Turkmenistan,228
TLS,Timor-Leste,229
TON,Tonga,230
TTO,Trinidad and Tobago,231
TUN,Tunisia,232
TUR,Turkey,233
TUV,Tuvalu,234
TWN,Taiwan,235
TZA,Tanzania,236
UGA,Uganda,237
UKR,Ukraine,238
UMI,United States Minor Outlying Isl,239
URY,Uruguay,240
USA,United States,241
UZB,Uzbekistan,242
VAT,Vatican City,243
VCT,Saint Vincent and the Grenadines,244
VEN,Venezuela,245
VGB,British Virgin Islands,246
VIR,"Virgin Islands, U.S.",247
VNM,Vietnam,248
VUT,Vanuatu,249
WLF,Wallis and Futuna,250
WSM,Samoa,251
XAD,Akrotiri and Dhekelia,252
XCA,Caspian Sea,253
XCL,Clipperton Island,254
XKO,Kosovo,255
XPI,Paracel Islands,256
XSP,Spratly Islands,257
YEM,Yemen,258
ZAF,South Africa,259
ZMB,Zambia,260
ZNC,Northern Cyprus,261
ZWE,Zimbabwe,262
